name,image,link
Sarah Banks,https://www.mypornstarbook.net/pornstars/s/sarah_banks/gallery02/images/02.jpg
Rachel Starr,https://www.ufuckhead.com/wp-content/uploads/2010/07/rachel-starr-crazy-booty-04.jpg
Lichelle Marie,https://i.pinimg.com/originals/c5/02/f0/c502f048dbdf6749c0ddac79cd7c7c18.jpg
Asa Akira,https://i.pinimg.com/originals/80/7a/8a/807a8a1468f5c918cc811e3d5f95ab14.jpg
Asa Akira,https://i.pinimg.com/originals/80/7a/8a/807a8a1468f5c918cc811e3d5f95ab14.jpg
Lichelle Marie,https://i.pinimg.com/originals/c5/02/f0/c502f048dbdf6749c0ddac79cd7c7c18.jpg
Asa Akira,https://i.pinimg.com/originals/80/7a/8a/807a8a1468f5c918cc811e3d5f95ab14.jpg



